{
  "num_cols": [
    "Destination_Port",
    "Flow_Duration",
    "Total_Fwd_Packets",
    "Total_Length_of_Fwd_Packets",
    "Fwd_Packet_Length_Max",
    "Fwd_Packet_Length_Min",
    "Fwd_Packet_Length_Mean",
    "Fwd_Packet_Length_Std",
    "Bwd_Packet_Length_Max",
    "Bwd_Packet_Length_Min",
    "Bwd_Packet_Length_Mean",
    "Bwd_Packet_Length_Std",
    "Flow_Bytes/s",
    "Flow_Packets/s",
    "Flow_IAT_Mean",
    "Flow_IAT_Std",
    "Flow_IAT_Max",
    "Flow_IAT_Min",
    "Fwd_IAT_Total",
    "Fwd_IAT_Mean",
    "Fwd_IAT_Std",
    "Fwd_IAT_Max",
    "Fwd_IAT_Min",
    "Bwd_IAT_Total",
    "Bwd_IAT_Mean",
    "Bwd_IAT_Std",
    "Bwd_IAT_Max",
    "Bwd_IAT_Min",
    "Fwd_Header_Length",
    "Bwd_Header_Length",
    "Fwd_Packets/s",
    "Bwd_Packets/s",
    "Min_Packet_Length",
    "Max_Packet_Length",
    "Packet_Length_Mean",
    "Packet_Length_Std",
    "Packet_Length_Variance",
    "FIN_Flag_Count",
    "PSH_Flag_Count",
    "ACK_Flag_Count",
    "Average_Packet_Size",
    "Subflow_Fwd_Bytes",
    "Init_Win_bytes_forward",
    "Init_Win_bytes_backward",
    "act_data_pkt_fwd",
    "min_seg_size_forward",
    "Active_Mean",
    "Active_Max",
    "Active_Min",
    "Idle_Mean",
    "Idle_Max",
    "Idle_Min"
  ],
  "mean": [
    8684.251548150352,
    16579868.320485683,
    10.516403564698715,
    610.642210793273,
    230.95148156019326,
    19.22636063529845,
    63.46237681419114,
    77.2004756880114,
    975.1618072852467,
    43.18996047094827,
    340.8129480530189,
    376.48402379828934,
    1397763.4866059995,
    47293.75912610848,
    1445424.257132997,
    3278334.030404717,
    10297712.014516655,
    169193.5984069367,
    16240166.288831271,
    2920055.1504991516,
    3665377.2827954534,
    10141200.276836542,
    1138572.181534974,
    11105125.493772546,
    2031303.230385027,
    1667827.8634342488,
    5264295.988785651,
    1090718.2982853742,
    -29144.03153823267,
    -2962.74107366005,
    40859.75318111747,
    6521.5576541206865,
    16.846298578937674,
    1063.7536328473668,
    190.7786973008118,
    330.19986354315404,
    545506.7955337322,
    0.03207775463651691,
    0.29771751604539465,
    0.3116119068871226,
    212.56162978299452,
    610.6254006035618,
    7264.535600799082,
    2226.811432538502,
    6.157212847650218,
    -2655.379643246766,
    91394.52232907961,
    171692.03475666256,
    65501.2748972103,
    9336470.312598161,
    9762590.878227852,
    8892001.22271206
  ],
  "scale": [
    19005.927971151952,
    35217572.11732577,
    824.4084240422014,
    11541.240950291387,
    756.4581576166559,
    61.03101490380199,
    195.39197965914337,
    296.4518696333312,
    2037.805727690602,
    70.9381204878898,
    632.5563732009239,
    880.6943329192316,
    26484088.955150507,
    202965.76339368784,
    4679354.782535316,
    8460986.046805551,
    25680244.8908976,
    3001049.6291737766,
    35151458.64165643,
    10031222.693966117,
    10135306.814168667,
    25761783.711293656,
    9077238.477119014,
    30217916.519356288,
    9415754.07261227,
    6629273.925446693,
    18105396.30748767,
    8821519.249318223,
    25435735.172449537,
    1647338.7751790911,
    193470.79190257084,
    38301.15083358913,
    25.813482325869092,
    2121.314948674982,
    318.4925814736448,
    660.6857421904077,
    1735653.4545620342,
    0.17620661819011318,
    0.45725463003140243,
    0.4631521633041284,
    345.64176172674456,
    11522.458892602901,
    14599.654659046419,
    8913.987155903176,
    695.2087392460463,
    1025601.2541440295,
    673871.399542421,
    1068704.1220212705,
    601680.0967963067,
    24844091.66017172,
    25613078.816058062,
    24577128.546388585
  ],
  "n_features": 52
}